{"cameraMode":{"drawMode":0,"name":"Shaded","section":"Shading Mode"},"sceneLighting":true,"audioPlay":false,"sceneViewState":{"showFog":true,"showMaterialUpdate":false,"showSkybox":true,"showFlares":true,"showImageEffects":true,"showParticleSystems":true},"in2DMode":false,"pivot":{"x":10.620609283447266,"y":1.311031460762024,"z":0.6492457389831543},"rotation":{"x":0.05776801332831383,"y":0.5021757483482361,"z":-0.03365105018019676,"w":0.8622304201126099},"size":3.5052707195281984,"orthographic":false}