{"cameraMode":{"drawMode":0,"name":"Shaded","section":"Shading Mode"},"sceneLighting":true,"audioPlay":false,"sceneViewState":{"showFog":true,"showMaterialUpdate":false,"showSkybox":true,"showFlares":true,"showImageEffects":true,"showParticleSystems":true},"in2DMode":false,"pivot":{"x":1.5381600856781006,"y":2.6351256370544435,"z":1.5743910074234009},"rotation":{"x":-0.10440631210803986,"y":-0.8572090864181519,"z":0.19185765087604524,"w":-0.46637535095214846},"size":2.5282785892486574,"orthographic":true}