{"cameraMode":{"drawMode":0,"name":"Shaded","section":"Shading Mode"},"sceneLighting":true,"audioPlay":false,"sceneViewState":{"showFog":true,"showMaterialUpdate":false,"showSkybox":true,"showFlares":true,"showImageEffects":true,"showParticleSystems":true},"in2DMode":false,"pivot":{"x":13.458230972290039,"y":1.2217612266540528,"z":0.045044686645269397},"rotation":{"x":0.17579934000968934,"y":0.7874925136566162,"z":-0.2613165080547333,"w":0.5297829508781433},"size":2.444270372390747,"orthographic":false}