{"cameraMode":{"drawMode":0,"name":"Shaded","section":"Shading Mode"},"sceneLighting":false,"audioPlay":false,"sceneViewState":{"showFog":true,"showMaterialUpdate":false,"showSkybox":false,"showFlares":true,"showImageEffects":true,"showParticleSystems":true},"in2DMode":false,"pivot":{"x":-2.8369998931884767,"y":1.0531271696090699,"z":-2.4456100463867189},"rotation":{"x":-0.21364758908748628,"y":-0.6494274735450745,"z":0.19748042523860932,"w":-0.7025994062423706},"size":1.2664483785629273,"orthographic":true}