{"cameraMode":{"drawMode":0,"name":"Shaded","section":"Shading Mode"},"sceneLighting":false,"audioPlay":false,"sceneViewState":{"showFog":true,"showMaterialUpdate":false,"showSkybox":false,"showFlares":true,"showImageEffects":true,"showParticleSystems":true},"in2DMode":false,"pivot":{"x":-1.4809999465942383,"y":0.6878244876861572,"z":-2.3733582496643068},"rotation":{"x":-0.2896551191806793,"y":-0.5931867361068726,"z":0.24153301119804383,"w":-0.7112972140312195},"size":0.9466570019721985,"orthographic":false}